variable,grupo_a,grupo_b,media_a,media_b,mediana_a,mediana_b,t,p_t,U,p_u,cohen_d,p_t_bonf,p_u_bonf,significativo
track_popularity,edm,latin,32.05491946438968,42.49076023391813,34.0,47.0,-22.20555387829932,2.6976636897237617e-106,7939987.5,6.104460976466829e-121,-0.46418214191775486,4.046495534585643e-105,9.156691464700245e-120,True
track_popularity,edm,pop,32.05491946438968,43.72495644599303,34.0,47.0,-25.230789532928284,6.856567059145684e-136,8302079.0,4.012372329840924e-143,-0.5155881318948774,1.0284850588718526e-134,6.018558494761386e-142,True
track_popularity,edm,r&b,32.05491946438968,37.60969441517387,34.0,39.0,-12.000383489970456,6.1369172456117845e-33,10484637.5,1.3460214539599264e-34,-0.24282236064470056,9.205375868417677e-32,2.0190321809398896e-33,True
track_popularity,edm,rap,32.05491946438968,41.12552864282968,34.0,45.0,-21.077391217792158,1.3598520013357448e-96,9972542.5,8.741327959364544e-113,-0.4141580390655709,2.039778002003617e-95,1.3111991939046816e-111,True
track_popularity,edm,rock,32.05491946438968,40.07775229357798,34.0,45.0,-16.954348722140637,1.8373624762643543e-63,8766156.5,2.0480095875637658e-76,-0.3527479880352874,2.7560437143965314e-62,3.072014381345649e-75,True
track_popularity,latin,pop,42.49076023391813,43.72495644599303,47.0,47.0,-2.4265661763922726,0.01526235345492373,9507136.0,0.010464109251427036,-0.051555181150070316,0.22893530182385596,0.15696163877140554,False
track_popularity,latin,r&b,42.49076023391813,37.60969441517387,47.0,39.0,9.590686444782468,1.1117321328156646e-21,11337905.0,3.4761413505389986e-22,0.20195935780891003,1.667598199223497e-20,5.214212025808498e-21,True
track_popularity,latin,rap,42.49076023391813,41.12552864282968,47.0,45.0,2.846974173353633,0.0044237954756943,11566128.5,0.0007437047862836163,0.05910678803817053,0.0663569321354145,0.011155571794254245,True
track_popularity,latin,rock,42.49076023391813,40.07775229357798,47.0,45.0,4.655251775455325,3.284130755027672e-06,9744476.0,0.00024183724701177964,0.10017800640163123,4.926196132541508e-05,0.0036275587051766947,True
track_popularity,pop,r&b,43.72495644599303,37.60969441517387,47.0,39.0,12.179814526395642,7.191797624587482e-34,12486627.0,2.1058955016282757e-34,0.25205742604880715,1.0787696436881224e-32,3.1588432524424135e-33,True
track_popularity,pop,rap,43.72495644599303,41.12552864282968,47.0,45.0,5.504292179075778,3.80350686000165e-08,12807644.5,6.078178708278352e-10,0.11192077313305998,5.705260290002475e-07,9.117268062417528e-09,True
track_popularity,pop,rock,43.72495644599303,40.07775229357798,47.0,45.0,7.128866860963996,1.0907862793180008e-12,10801917.5,9.358153810362805e-11,0.15079056444791647,1.6361794189770013e-11,1.4037230715544207e-09,True
track_popularity,r&b,rap,37.60969441517387,41.12552864282968,39.0,45.0,-7.439360318152962,1.0981173298687352e-13,11295627.5,2.543421047251014e-13,-0.1499229637620293,1.6471759948031027e-12,3.815131570876521e-12,True
track_popularity,r&b,rock,37.60969441517387,40.07775229357798,39.0,45.0,-4.821098995481872,1.4509638548778255e-06,9642346.5,2.0987371123551535e-08,-0.10111715788990315,2.176445782316738e-05,3.14810566853273e-07,True
track_popularity,rap,rock,41.12552864282968,40.07775229357798,45.0,45.0,2.170611173918417,0.029986705251961062,11395710.5,0.6804360388173987,0.044880766768690704,0.4498005787794159,1.0,False
danceability,edm,latin,0.6572383077818746,0.7120254502923977,0.66,0.727,-22.110969110744755,1.2963092595252366e-105,7867868.0,2.0233118986567636e-126,-0.4551462462863835,1.9444638892878548e-104,3.0349678479851454e-125,True
danceability,edm,pop,0.6572383077818746,0.6370009799651568,0.66,0.649,7.918928224999825,2.6639309404578715e-15,12743579.0,4.678107981904635e-11,0.16107349314252734,3.995896410686807e-14,7.017161972856953e-10,True
danceability,edm,r&b,0.6572383077818746,0.669209272918862,0.66,0.688,-4.538346158461717,5.739102591321693e-06,11231840.5,2.623943196888286e-12,-0.09173398182427735,8.60865388698254e-05,3.935914795332429e-11,True
danceability,edm,rap,0.6572383077818746,0.7147672049211842,0.66,0.733,-22.501495717642673,1.7368595839619465e-109,9750310.5,1.925556281175633e-127,-0.44203849128790207,2.6052893759429197e-108,2.888334421763449e-126,True
danceability,edm,rock,0.6572383077818746,0.5186965596330276,0.66,0.521,50.72981234214861,0.0,17361976.5,0.0,1.055107711132694,0.0,0.0,True
danceability,latin,pop,0.7120254502923977,0.6370009799651568,0.727,0.649,28.824148281123716,1.0291523474115039e-174,13362242.0,1.345179174260054e-190,0.6105578945094979,1.5437285211172557e-173,2.017768761390081e-189,True
danceability,latin,r&b,0.7120254502923977,0.669209272918862,0.727,0.688,15.954990508203714,1.5656472215964437e-56,12011812.0,9.062825669642584e-52,0.3335688800501609,2.3484708323946656e-55,1.3594238504463875e-50,True
danceability,latin,rap,0.7120254502923977,0.7147672049211842,0.727,0.733,-1.052933612645896,0.2923983120041218,10754818.0,0.005960257870782424,-0.021408074779642718,1.0,0.08940386806173635,False
danceability,latin,rock,0.7120254502923977,0.5186965596330276,0.727,0.521,69.66162097759914,0.0,16018969.5,0.0,1.4967204244912993,0.0,0.0,True
danceability,pop,r&b,0.6370009799651568,0.669209272918862,0.649,0.688,-11.688729995701024,2.407151990952691e-31,9194523.5,5.911235909722352e-39,-0.2416772552176893,3.610727986429036e-30,8.866853864583527e-38,True
danceability,pop,rap,0.6370009799651568,0.7147672049211842,0.649,0.733,-29.03892338404396,6.777570194206514e-178,7856896.0,2.6294937379981274e-188,-0.5856906889470036,1.0166355291309771e-176,3.944240606997191e-187,True
danceability,pop,rock,0.6370009799651568,0.5186965596330276,0.649,0.521,41.58505034103159,0.0,14794332.5,0.0,0.8813614677224021,0.0,0.0,True
danceability,r&b,rap,0.669209272918862,0.7147672049211842,0.688,0.733,-16.52730298581195,1.5205129838725795e-60,9952286.0,1.2258869680402592e-62,-0.3319206949425103,2.2807694758088694e-59,1.8388304520603886e-61,True
danceability,r&b,rock,0.669209272918862,0.5186965596330276,0.688,0.521,51.5645477850204,0.0,16169590.0,0.0,1.0825126847715916,0.0,0.0,True
danceability,rap,rock,0.7147672049211842,0.5186965596330276,0.733,0.521,68.896506142383,0.0,19060936.0,0.0,1.417874023639845,0.0,0.0,True
energy,edm,latin,0.8053995730642345,0.7100691871345028,0.833,0.731,31.317298414904275,4.6380960864434145e-204,15174174.5,2.1784278761613453e-219,0.6545555842493928,6.957144129665122e-203,3.267641814242018e-218,True
energy,edm,pop,0.8053995730642345,0.700983275261324,0.833,0.7284999999999999,32.49029654858396,1.0697551289591931e-218,16174912.0,1.6671367552362853e-215,0.6681141913058553,1.6046326934387897e-217,2.500705132854428e-214,True
energy,edm,r&b,0.8053995730642345,0.5905470600632244,0.833,0.595,65.94397383401682,0.0,20255413.5,0.0,1.3413442433058043,0.0,0.0,True
energy,edm,rap,0.8053995730642345,0.6499829873125721,0.833,0.665,50.54386808340343,0.0,20535178.0,0.0,0.9923683828999372,0.0,0.0,True
energy,edm,rock,0.8053995730642345,0.733623509174312,0.833,0.779,20.24285411654503,8.54291990743325e-89,13359650.5,3.9076525144671036e-57,0.4285005404443853,1.2814379861149876e-87,5.861478771700655e-56,True
energy,latin,pop,0.7100691871345028,0.700983275261324,0.731,0.7284999999999999,2.6021806160628658,0.009278756109688532,9931225.5,0.33623099123399003,0.0550623319195727,0.13918134164532797,1.0,False
energy,latin,r&b,0.7100691871345028,0.5905470600632244,0.731,0.595,33.83494851014177,2.5613565108763376e-236,14113213.5,7.436240654287438e-227,0.7075816150179675,3.842034766314507e-235,1.1154360981431157e-225,True
energy,latin,rap,0.7100691871345028,0.6499829873125721,0.731,0.665,17.860149744443273,3.444162223694918e-70,13444433.0,6.593390112589331e-69,0.36459465906205457,5.166243335542376e-69,9.890085168883995e-68,True
energy,latin,rock,0.7100691871345028,0.733623509174312,0.731,0.779,-6.199437028199807,5.939195064924731e-10,8048396.0,5.040230024995877e-28,-0.13312299322975515,8.908792597387096e-09,7.560345037493815e-27,True
energy,pop,r&b,0.700983275261324,0.5905470600632244,0.7284999999999999,0.595,30.011544990141534,5.379157235075462e-189,14765979.5,2.98894339272944e-194,0.6208770751390493,8.068735852613193e-188,4.48341508909416e-193,True
energy,pop,rap,0.700983275261324,0.6499829873125721,0.7284999999999999,0.665,14.494498045679194,4.1090825524061006e-47,14121949.0,7.413488559695663e-55,0.2936443308099776,6.163623828609151e-46,1.1120232839543495e-53,True
energy,pop,rock,0.700983275261324,0.733623509174312,0.7284999999999999,0.779,-8.29118070077439,1.288577035858818e-16,8607864.0,1.7225760821517453e-30,-0.17586338571703813,1.932865553788227e-15,2.583864123227618e-29,True
energy,r&b,rap,0.5905470600632244,0.6499829873125721,0.595,0.665,-16.699523415608088,9.464126795559357e-62,9893899.0,1.2050218704222427e-65,-0.33594005147492517,1.4196190193339035e-60,1.807532805633364e-64,True
energy,r&b,rock,0.5905470600632244,0.733623509174312,0.595,0.779,-36.012018320523694,3.675043600649889e-265,5883751.0,1.4645073501688982e-277,-0.7581139415367991,5.512565400974833e-264,2.196761025253347e-276,True
energy,rap,rock,0.6499829873125721,0.733623509174312,0.665,0.779,-21.871350685395747,2.730487174659666e-103,8035129.5,1.8347821499751952e-133,-0.45414881723581624,4.095730761989499e-102,2.752173224962793e-132,True
valence,edm,latin,0.4002320007762469,0.607239754385965,0.369,0.63,-44.2956925308025,0.0,5705779.5,0.0,-0.9154602915756017,0.0,0.0,True
valence,edm,pop,0.4002320007762469,0.5024203832752612,0.369,0.498,-22.368042627743748,4.3630350427629286e-108,8762744.5,1.4559471792629692e-108,-0.45346649484036006,6.544552564144393e-107,2.1839207688944538e-107,True
valence,edm,r&b,0.4002320007762469,0.536978587987355,0.369,0.547,-30.023949172186573,1.4181302847539187e-189,8116680.5,4.867180246440875e-184,-0.6038991453741478,2.127195427130878e-188,7.300770369661312e-183,True
valence,edm,rap,0.4002320007762469,0.50320246059208,0.369,0.514,-23.170354546891975,7.788797510368576e-116,9894965.0,1.0603550052032392e-117,-0.4554207373520083,1.1683196265552864e-114,1.5905325078048587e-116,True
valence,edm,rock,0.4002320007762469,0.533639128440367,0.369,0.5275000000000001,-28.349311210422346,1.3930131316593768e-169,7605805.0,1.0780989456975957e-162,-0.5839253395494599,2.0895196974890653e-168,1.6171484185463935e-161,True
valence,latin,pop,0.607239754385965,0.5024203832752612,0.63,0.498,22.013531295012086,1.3592809387892772e-104,12424395.0,4.767293664538039e-104,0.4679694882225873,2.0389214081839157e-103,7.150940496807058e-103,True
valence,latin,r&b,0.607239754385965,0.536978587987355,0.63,0.547,14.797311496305456,5.782652005813905e-49,11957618.5,6.510648549396144e-49,0.3119753497373945,8.673978008720857e-48,9.765972824094215e-48,True
valence,latin,rap,0.607239754385965,0.50320246059208,0.63,0.514,22.41058469930034,2.505299441707103e-108,14004007.0,4.84044402966237e-105,0.4625938779326925,3.7579491625606544e-107,7.260666044493555e-104,True
valence,latin,rock,0.607239754385965,0.533639128440367,0.63,0.5275000000000001,15.040468281373215,1.7331615716953238e-50,11074254.0,7.469109711297472e-52,0.32365677014840183,2.5997423575429858e-49,1.1203664566946208e-50,True
valence,pop,r&b,0.5024203832752612,0.536978587987355,0.498,0.547,-7.4396908161909465,1.0984116864250972e-13,9902041.5,2.498769906698646e-14,-0.15398015768779247,1.6476175296376458e-12,3.7481548600479686e-13,True
valence,pop,rap,0.5024203832752612,0.50320246059208,0.498,0.514,-0.17238538427606478,0.8631381732202313,11846825.5,0.4874188842737328,-0.003488854041094631,1.0,1.0,False
valence,pop,rock,0.5024203832752612,0.533639128440367,0.498,0.5275000000000001,-6.512715182753869,7.780454545460852e-11,9263245.5,9.681965816196652e-10,-0.13781949425823298,1.1670681818191279e-09,1.4522948724294978e-08,True
valence,r&b,rap,0.536978587987355,0.50320246059208,0.547,0.514,7.467996521078912,8.832964896497063e-14,13371847.0,5.972109845533702e-13,0.14993410112298583,1.3249447344745596e-12,8.958164768300553e-12,True
valence,r&b,rock,0.536978587987355,0.533639128440367,0.547,0.5275000000000001,0.6985956815252758,0.4848227815155278,10494047.5,0.23140378680049611,0.014667448406562568,1.0,1.0,False
valence,rap,rock,0.50320246059208,0.533639128440367,0.514,0.5275000000000001,-6.510431684617835,7.885260034815572e-11,10580189.5,1.565133016432507e-08,-0.1339329019019706,1.1827890052223358e-09,2.3476995246487602e-07,True
loudness,edm,latin,-5.496561808655152,-6.434743391812865,-5.008,-5.891,16.74676686760991,6.11816032605592e-62,13377924.5,3.7533833927733836e-72,0.3522925661686243,9.177240489083879e-61,5.6300750891600754e-71,True
loudness,edm,pop,-5.496561808655152,-6.422546602787456,-5.008,-5.914,17.736775803695117,2.9817331814589267e-69,14448715.0,1.6401084731055666e-79,0.36203498826294633,4.4725997721883905e-68,2.46016270965835e-78,True
loudness,edm,r&b,-5.496561808655152,-7.963555110642782,-5.008,-7.523,45.82762397264865,0.0,18658943.0,0.0,0.9284393944251597,0.0,0.0,True
loudness,edm,rap,-5.496561808655152,-7.104054786620532,-5.008,-6.5425,29.354097237269684,1.2327621156433554e-181,17999333.0,1.2914597260852221e-200,0.576286234703723,1.8491431734650331e-180,1.9371895891278332e-199,True
loudness,edm,rock,-5.496561808655152,-7.547394266055046,-5.008,-6.962,33.353528509297554,4.8811694499726256e-228,15415237.5,1.7105399610003495e-215,0.7048560012343736,7.321754174958938e-227,2.5658099415005243e-214,True
loudness,latin,pop,-6.434743391812865,-6.422546602787456,-5.891,-5.914,-0.20421515097366633,0.8381901676252004,9874801.0,0.6218906706360166,-0.004352657828805818,1.0,1.0,False
loudness,latin,r&b,-6.434743391812865,-7.963555110642782,-5.891,-7.523,25.000723879662175,2.230910307512079e-133,13672256.5,1.04928313165841e-179,0.5275299986727205,3.3463654612681186e-132,1.573924697487615e-178,True
loudness,latin,rap,-6.434743391812865,-7.104054786620532,-5.891,-6.5425,10.800384913638787,4.9559681410892975e-27,12733181.0,4.097858656088576e-34,0.22161542595606235,7.433952211633946e-26,6.146787984132864e-33,True
loudness,latin,rock,-6.434743391812865,-7.547394266055046,-5.891,-6.962,16.365588815776764,2.706548994902735e-59,11123128.5,1.1121656478920499e-54,0.3517354573007687,4.059823492354102e-58,1.668248471838075e-53,True
loudness,pop,r&b,-6.422546602787456,-7.963555110642782,-5.914,-7.523,26.718215762009628,1.3338586171433714e-151,14649605.0,7.1760232134642124e-183,0.5524680996105351,2.0007879257150572e-150,1.0764034820196318e-181,True
loudness,pop,rap,-6.422546602787456,-7.104054786620532,-5.914,-6.5425,11.640678371005786,4.10169184229641e-31,13619202.5,3.622229977238613e-33,0.23364103016767443,6.1525377634446146e-30,5.433344965857919e-32,True
loudness,pop,rock,-6.422546602787456,-7.547394266055046,-5.914,-6.962,17.337359773914674,3.5522175646387347e-66,11912999.0,1.2421300298177249e-54,0.36876125862633735,5.328326346958102e-65,1.8631950447265873e-53,True
loudness,r&b,rap,-7.963555110642782,-7.104054786620532,-7.523,-6.5425,-14.325257385717316,4.3692728210959285e-46,9847383.0,4.3002531057845956e-68,-0.28659618441982004,6.553909231643892e-45,6.450379658676894e-67,True
loudness,r&b,rock,-7.963555110642782,-7.547394266055046,-7.523,-6.962,-6.286932640670138,3.39582487078808e-10,9189469.0,3.104702165096601e-20,-0.13279033866748163,5.09373730618212e-09,4.657053247644902e-19,True
loudness,rap,rock,-7.104054786620532,-7.547394266055046,-6.5425,-6.962,6.621635033537586,3.7571344064519066e-11,12080844.0,3.6328410187736016e-08,0.13701421610650033,5.63570160967786e-10,5.449261528160403e-07,True
tempo,edm,latin,126.10208713370852,118.48587134502924,127.457,111.998,15.675609676924154,2.4317803240605285e-54,14807553.0,9.032000099169452e-183,0.34185155536950923,3.647670486090793e-53,1.354800014875418e-181,True
tempo,edm,pop,126.10208713370852,121.03662913763067,127.457,120.031,12.022649463866225,5.469790889149409e-33,14530157.0,2.0388906109425347e-84,0.2505052112238339,8.204686333724114e-32,3.058335916413802e-83,True
tempo,edm,r&b,126.10208713370852,114.18368893572182,127.457,108.331,25.494177390581335,3.3259125314254796e-137,16865070.0,4.419499434067114e-234,0.525107289915677,4.988868797138219e-136,6.629249151100671e-233,True
tempo,edm,rap,126.10208713370852,120.53637716262975,127.457,119.997,11.439420316394767,4.723872328568278e-30,14875765.5,3.548060696719674e-22,0.22416591232594965,7.085808492852417e-29,5.322091045079511e-21,True
tempo,edm,rock,126.10208713370852,125.10822981651376,127.457,124.03,2.0857496839240413,0.0370407988016113,11857098.0,2.9813258533667714e-06,0.044956233660899965,0.5556119820241695,4.4719887800501575e-05,True
tempo,latin,pop,118.48587134502924,121.03662913763067,111.998,120.031,-4.472614388673488,7.827627628621073e-06,8642678.5,2.1065688557863123e-22,-0.09555103787794583,0.0001174144144293161,3.1598532836794684e-21,True
tempo,latin,r&b,118.48587134502924,114.18368893572182,111.998,108.331,7.108527429527865,1.2629909891968956e-12,11078124.5,3.531523827151597e-14,0.1498646787845479,1.8944864837953433e-11,5.297285740727396e-13,True
tempo,latin,rap,118.48587134502924,120.53637716262975,111.998,119.997,-3.307044443282258,0.0009464017526198437,10875033.5,0.0653461880775474,-0.06760747031024508,0.014196026289297654,0.9801928211632109,False
tempo,latin,rock,118.48587134502924,125.10822981651376,111.998,124.03,-10.817381959245195,4.249236991330438e-27,7688531.5,4.8910786451157025e-45,-0.23286422707150056,6.373855486995657e-26,7.336617967673554e-44,True
tempo,pop,r&b,121.03662913763067,114.18368893572182,120.031,108.331,12.353431522110444,8.795115605229445e-35,13007481.0,3.2539565792727026e-59,0.25509906644109703,1.3192673407844168e-33,4.880934868909054e-58,True
tempo,pop,rap,121.03662913763067,120.53637716262975,120.031,119.997,0.876282482446447,0.38089828894042366,12293431.0,0.012282361236464442,0.017478828583944516,1.0,0.18423541854696662,False
tempo,pop,rock,121.03662913763067,125.10822981651376,120.031,124.03,-7.240350421138204,4.857693819818748e-13,9105336.5,1.2959785771110083e-13,-0.1536218295638098,7.286540729728123e-12,1.9439678656665122e-12,True
tempo,r&b,rap,114.18368893572182,120.53637716262975,108.331,119.997,-10.487219397105067,1.3447756623521736e-25,10999857.5,6.553409755515736e-21,-0.20960548733593892,2.0171634935282605e-24,9.830114633273603e-20,True
tempo,r&b,rock,114.18368893572182,125.10822981651376,108.331,124.03,-18.276959885423416,2.5938332593291726e-73,7804170.0,2.2928570016500662e-91,-0.3831268415586741,3.890749888993759e-72,3.4392855024750993e-90,True
tempo,rap,rock,120.53637716262975,125.10822981651376,119.997,124.03,-7.461437143581113,9.307845027927633e-14,10285775.5,4.358696334143619e-15,-0.1516789748491022,1.3961767541891449e-12,6.538044501215429e-14,True
acousticness,edm,latin,0.07996859387541239,0.21289233066666666,0.0183,0.139,-34.27727058773135,1.1629201986691994e-238,5406417.5,0.0,-0.7349430605061081,1.744380298003799e-237,0.0,True
acousticness,edm,pop,0.07996859387541239,0.1722678594686411,0.0183,0.07405,-23.909226312066608,6.224228112787324e-122,7916987.5,2.124552198478564e-175,-0.4967637815723793,9.336342169180987e-121,3.1868282977178464e-174,True
acousticness,edm,r&b,0.07996859387541239,0.26215792113804,0.0183,0.168,-42.948790558138136,0.0,5412278.0,0.0,-0.8828428901403084,0.0,0.0,True
acousticness,edm,rap,0.07996859387541239,0.19525037286812766,0.0183,0.111,-31.414590830678804,1.3202468742824867e-205,7447332.5,0.0,-0.616262569313541,1.98037031142373e-204,0.0,True
acousticness,edm,rock,0.07996859387541239,0.14632279713302754,0.0183,0.0364,-17.375295856587183,2.5638419827178906e-66,10103929.5,2.5884807063569383e-17,-0.36886962362760406,3.845762974076836e-65,3.8827210595354076e-16,True
acousticness,latin,pop,0.21289233066666666,0.1722678594686411,0.139,0.07405,8.695031476141812,4.088499100284481e-18,11607730.0,4.390879644943964e-50,0.18459994744332636,6.132748650426721e-17,6.5863194674159466e-49,True
acousticness,latin,r&b,0.21289233066666666,0.26215792113804,0.139,0.168,-9.868738559117608,7.432554530266692e-23,9246171.0,3.92984777443997e-13,-0.20627095450744656,1.1148831795400038e-21,5.894771661659955e-12,True
acousticness,latin,rap,0.21289233066666666,0.19525037286812766,0.139,0.111,3.906678376652408,9.424414955542149e-05,11956885.5,2.6146281742276375e-10,0.08048247877868525,0.0014136622433313223,3.921942261341456e-09,True
acousticness,latin,rock,0.21289233066666666,0.14632279713302754,0.139,0.0364,14.353381686311923,3.4465943109553805e-46,12298021.5,7.504712639243279e-146,0.3089742667195444,5.169891466433071e-45,1.1257068958864919e-144,True
acousticness,pop,r&b,0.1722678594686411,0.26215792113804,0.07405,0.168,-18.055619558599325,1.2086383403395351e-71,8138693.0,2.0529102555377933e-99,-0.37290188302834876,1.8129575105093026e-70,3.07936538330669e-98,True
acousticness,pop,rap,0.1722678594686411,0.19525037286812766,0.07405,0.111,-5.1062804816829885,3.348536100970467e-07,10620096.5,2.5523837843748494e-21,-0.10345048508918295,5.022804151455701e-06,3.8285756765622745e-20,True
acousticness,pop,rock,0.1722678594686411,0.14632279713302754,0.07405,0.0364,5.6118279265895605,2.06168842080115e-08,11737775.0,2.406484220636109e-45,0.11853885732274122,3.092532631201725e-07,3.6097263309541634e-44,True
acousticness,r&b,rap,0.26215792113804,0.19525037286812766,0.168,0.111,13.846396956504028,3.5435357232380005e-43,14266104.5,2.9729071871974837e-41,0.27987179638012105,5.3153035848570006e-42,4.459360780796225e-40,True
acousticness,r&b,rock,0.26215792113804,0.14632279713302754,0.168,0.0364,23.418152704967618,8.696431192445101e-118,14277493.5,2.520629882239809e-216,0.48754401241071943,1.3044646788667653e-116,3.7809448233597134e-215,True
acousticness,rap,rock,0.19525037286812766,0.14632279713302754,0.111,0.0364,10.957361106509918,9.029367372832412e-28,14324968.0,3.436325461079915e-109,0.2243474213348002,1.3544051059248617e-26,5.154488191619873e-108,True
duracion_min,edm,latin,3.7538696810919205,3.6230194697855747,3.411783333333333,3.5182166666666665,6.25325609927872,4.1998641966824856e-10,10628071.5,0.003309239705660161,0.12517479582141935,6.299796295023728e-09,0.04963859558490241,True
duracion_min,edm,pop,3.7538696810919205,3.640191808217189,3.411783333333333,3.5216666666666665,5.651616285566921,1.638701230645183e-08,11174271.5,2.1436346130989984e-06,0.11193800016079308,2.4580518459677744e-07,3.2154519196484976e-05,True
duracion_min,edm,r&b,3.7538696810919205,3.998088162978574,3.411783333333333,3.92,-11.173970600105925,8.179233992581779e-29,9311466.0,1.4795734903454786e-93,-0.2229435193719399,1.226885098887267e-27,2.219360235518218e-92,True
duracion_min,edm,rap,3.7538696810919205,3.5584621587850824,3.411783333333333,3.5,8.969244542517352,3.5183374711370323e-19,13805949.0,0.00805882073634276,0.17642383887079763,5.277506206705548e-18,0.12088231104514141,False
duracion_min,edm,rock,3.7538696810919205,4.132237022171253,3.411783333333333,3.9475583333333333,-16.165996533574287,5.2206285910589865e-58,7955714.5,3.414363584405958e-133,-0.3299519277321665,7.83094288658848e-57,5.121545376608937e-132,True
duracion_min,latin,pop,3.6230194697855747,3.640191808217189,3.5182166666666665,3.5216666666666665,-1.014135929547488,0.3105462118281901,9675395.0,0.24507825932199412,-0.021615628545814683,1.0,1.0,False
duracion_min,latin,r&b,3.6230194697855747,3.998088162978574,3.5182166666666665,3.92,-19.772549564627724,3.267012599329043e-85,7561952.5,5.733854203803394e-97,-0.41344403029183247,4.900518898993565e-84,8.60078130570509e-96,True
duracion_min,latin,rap,3.6230194697855747,3.5584621587850824,3.5182166666666665,3.5,3.4177369750686064,0.0006340973424245832,11544757.0,0.001325484080440346,0.06919408214151557,0.009511460136368747,0.01988226120660519,True
duracion_min,latin,rock,3.6230194697855747,4.132237022171253,3.5182166666666665,3.9475583333333333,-24.55824921529521,1.539897207949107e-128,6439023.0,1.5458440639971662e-136,-0.5272113474575079,2.3098458119236604e-127,2.3187660959957492e-135,True
duracion_min,pop,r&b,3.640191808217189,3.998088162978574,3.5216666666666665,3.92,-19.80534814987842,1.7813127300324608e-85,8167596.5,2.2208729344147276e-97,-0.4083790047556497,2.671969095048691e-84,3.331309401622091e-96,True
duracion_min,pop,rap,3.640191808217189,3.5584621587850824,3.5216666666666665,3.5,4.543962336771645,5.588350974786355e-06,12556220.5,1.1551464858641542e-05,0.09044501743273443,8.382526462179532e-05,0.00017327197287962312,True
duracion_min,pop,rock,3.640191808217189,4.132237022171253,3.5216666666666665,3.9475583333333333,-24.705471685013485,8.446782179825722e-130,6940190.5,2.86605435829668e-139,-0.5270080171689209,1.2670173269738583e-128,4.29908153744502e-138,True
duracion_min,r&b,rap,3.998088162978574,3.5584621587850824,3.92,3.5,22.07490217103965,1.858724300869058e-105,15455418.5,4.800379441448662e-105,0.44236153941950707,2.788086451303587e-104,7.200569162172993e-104,True
duracion_min,r&b,rock,3.998088162978574,4.132237022171253,3.92,3.9475583333333333,-6.189351174280506,6.311825638244713e-10,9800299.5,1.4238603131330388e-05,-0.13043701108279399,9.46773845736707e-09,0.00021357904696995582,True
duracion_min,rap,rock,3.5584621587850824,4.132237022171253,3.5,3.9475583333333333,-26.558813944906124,1.0492921385932636e-149,7934380.0,1.3420595156989714e-141,-0.548678772608713,1.5739382078898952e-148,2.013089273548457e-140,True
